"request_uuid";"request_date";"request_status";"salesforce_case";"username";"template_uuid"
"014554808";"2018-05-09";"fulfilled";"n/a";"rohit.patel";"687871835"
"036720865";"2018-05-17";"fulfilled";"n/a";"rohit.patel";"051580402"
"075540770";"2018-05-15";"fulfilled";"n/a";"eteitelbaum";"687871835"
"080515775";"2018-04-26";"fulfilled";"n/a";"adiallo";"445003824"
"085214864";"2018-05-14";"fulfilled";"n/a";"ttaylor";"848071580"
"106577677";"2018-05-14";"fulfilled";"n/a";"adiallo";"528807702"
"181563246";"2018-05-31";"fulfilled";"00106890";"rohit.patel";"142103805"
"281335152";"2018-04-25";"fulfilled";"n/a";"adiallo";"445003824"
"340178773";"2018-05-09";"fulfilled";"n/a";"rohit.patel";"871277343"
"460701785";"2018-06-13";"fulfilled";"n/a";"rpooya";"531203231"
"476117020";"2018-05-18";"fulfilled";"n/a";"ssugawara";"828732530"
"517780081";"2018-05-07";"fulfilled";"n/a";"adiallo";"263324547"
"532648263";"2018-04-26";"fulfilled";"n/a";"hschueler";"831821235"
"552226032";"2018-05-09";"fulfilled";"n/a";"rohit.patel";"011802647"
"560251847";"2018-05-18";"fulfilled";"n/a";"ssugawara";"342802601"
"568648787";"2018-06-13";"fulfilled";"00106944";"rpooya";"306517065"
"586042366";"2018-06-12";"fulfilled";"00106944";"rpooya";"840533275"
"616362223";"2018-05-09";"fulfilled";"n/a";"rohit.patel";"447848247"
"653338152";"2018-04-25";"fulfilled";"n/a";"lhartmann";"514583840"
"654274016";"2018-05-08";"fulfilled";"n/a";"adiallo";"528807702"
"734485861";"2018-04-25";"fulfilled";"n/a";"lhartmann";"712523840"
"751517357";"2018-05-15";"fulfilled";"n/a";"afuchs";"233361178"
"758837251";"2018-05-14";"fulfilled";"n/a";"adiallo";"528807702"
